<?xml version="1.0" encoding="UTF-8"?>
<!DOCTYPE fontscolors PUBLIC "-//NetBeans//DTD Editor Fonts and Colors settings 1.1//EN" "http://www.netbeans.org/dtds/EditorFontsColors-1_1.dtd">
<fontscolors>
    <fontcolor foreColor="ffa4b0c0" name="identifier"/>
    <fontcolor default="field" name="markup-attribute"/>
    <fontcolor default="identifier" name="method"/>
    <fontcolor name="string"/>
    <fontcolor default="keyword" name="markup-element"/>
    <fontcolor default="string" name="markup-attribute-value"/>
    <fontcolor foreColor="white" name="error" waveUnderlined="red"/>
    <fontcolor default="default" foreColor="black" name="entity-reference">
        <font style="bold"/>
    </fontcolor>
    <fontcolor foreColor="ff009999" name="separator"/>
    <fontcolor foreColor="ffccccff" name="operator"/>
    <fontcolor name="url" underline="blue"/>
    <fontcolor name="number"/>
    <fontcolor bgColor="black" foreColor="fff8e1aa" name="default">
        <font name="Consolas" size="16" style="plain"/>
    </fontcolor>
    <fontcolor default="identifier" name="field"/>
    <fontcolor name="char"/>
    <fontcolor name="warning" waveUnderlined="yellow"/>
    <fontcolor foreColor="ff83786e" name="comment"/>
    <fontcolor foreColor="ff628fb5" name="keyword"/>
    <fontcolor name="whitespace"/>
</fontscolors>
